{
    "class_name": "ViewTrajectory",
    "interval": 29,
    "is_loop": false,
    "trajectory": [
        {
            "boundingbox_max": [
                19.829035568237309,
                28.673416519165045,
                12.708664512634279
            ],
            "boundingbox_min": [
                -19.937463696598478,
                -28.726583480834961,
                -13.891335487365723
            ],
            "field_of_view": 60.0,
            "front": [
                0.45656651694864708,
                0.75965050349124008,
                0.46311783397628553
            ],
            "lookat": [
                0.25384229876901582,
                -0.91546701308914258,
                -9.9674202040329849
            ],
            "up": [
                -0.22146152448484158,
                -0.40711691492324714,
                0.88612110388830456
            ],
            "zoom": 0.2999999999999996
        }
    ],
    "version_major": 1,
    "version_minor": 0
}